{"cameraMode":{"drawMode":0,"name":"Shaded","section":"Shading Mode"},"sceneLighting":true,"audioPlay":false,"sceneViewState":{"m_AlwaysRefresh":false,"showFog":true,"showSkybox":true,"showFlares":true,"showImageEffects":true,"showParticleSystems":true,"showVisualEffectGraphs":true,"m_FxEnabled":false},"in2DMode":false,"pivot":{"x":1.0354018211364747,"y":1.4399082660675049,"z":-1.007646083831787},"rotation":{"x":0.006600736640393734,"y":-0.05068305879831314,"z":0.00033938532578758895,"w":0.9987101554870606},"size":1.156658411026001,"orthographic":false}