{"cameraMode":{"drawMode":0,"name":"Shaded","section":"Shading Mode"},"sceneLighting":true,"audioPlay":false,"sceneViewState":{"m_AlwaysRefresh":false,"showFog":true,"showSkybox":true,"showFlares":true,"showImageEffects":true,"showParticleSystems":true,"showVisualEffectGraphs":true,"m_FxEnabled":false},"in2DMode":false,"pivot":{"x":-2.381887435913086,"y":1.2022287845611573,"z":0.055119216442108157},"rotation":{"x":-0.01647971384227276,"y":-0.5888000726699829,"z":-0.012006922625005246,"w":0.8080510497093201},"size":4.072906017303467,"orthographic":false}