{"cameraMode":{"drawMode":0,"name":"Shaded","section":"Shading Mode"},"sceneLighting":true,"audioPlay":false,"sceneViewState":{"m_AlwaysRefresh":false,"showFog":true,"showSkybox":true,"showFlares":true,"showImageEffects":true,"showParticleSystems":true,"showVisualEffectGraphs":true,"m_FxEnabled":false},"in2DMode":false,"pivot":{"x":0.6678845882415772,"y":1.198833703994751,"z":-0.8251567482948303},"rotation":{"x":0.030903760343790056,"y":0.6977151036262512,"z":0.030154509469866754,"w":-0.7150946855545044},"size":1.0914080142974854,"orthographic":false}