{"cameraMode":{"drawMode":0,"name":"Shaded","section":"Shading Mode"},"sceneLighting":true,"audioPlay":false,"sceneViewState":{"m_AlwaysRefresh":false,"showFog":true,"showSkybox":true,"showFlares":true,"showImageEffects":true,"showParticleSystems":true,"showVisualEffectGraphs":true,"m_FxEnabled":false},"in2DMode":false,"pivot":{"x":1.609128713607788,"y":0.6392325162887573,"z":0.7577599287033081},"rotation":{"x":0.17507173120975495,"y":-0.03809548541903496,"z":0.006800009403377771,"w":0.9838135838508606},"size":2.733436346054077,"orthographic":false}