{"cameraMode":{"drawMode":0,"name":"Shaded","section":"Shading Mode"},"sceneLighting":true,"audioPlay":false,"sceneViewState":{"m_AlwaysRefresh":false,"showFog":true,"showSkybox":true,"showFlares":true,"showImageEffects":true,"showParticleSystems":true,"showVisualEffectGraphs":true,"m_FxEnabled":false},"in2DMode":false,"pivot":{"x":0.6678845882415772,"y":1.198833703994751,"z":-0.8251567482948303},"rotation":{"x":0.04250812530517578,"y":-0.8082025051116943,"z":0.05878864601254463,"w":0.5844481587409973},"size":1.3877134323120118,"orthographic":false}