{"cameraMode":{"drawMode":0,"name":"Shaded","section":"Shading Mode"},"sceneLighting":false,"audioPlay":false,"sceneViewState":{"m_AlwaysRefresh":false,"showFog":false,"showSkybox":false,"showFlares":false,"showImageEffects":false,"showParticleSystems":false,"showVisualEffectGraphs":true,"m_FxEnabled":false},"in2DMode":false,"pivot":{"x":0.0032558441162109377,"y":1.1738947629928589,"z":0.008938491344451905},"rotation":{"x":0.015577414073050022,"y":-0.0626586377620697,"z":0.0009934466797858477,"w":0.997931182384491},"size":1.3818920850753785,"orthographic":false}